movie,movie_id,genres
Two Arabian Knights,tt0018515,"Adventure, Comedy, Romance"
The Divine Lady,tt0019824,"Drama, History, Romance, War"
All Quiet on the Western Front,tt0020629,"Epic, Period Drama, Psychological Drama, Tragedy, War Epic, Drama, War"
Skippy,tt0060025,"Adventure, Drama, Family"
Bad Girl,tt0021635,"Drama, Romance"
Cavalcade,tt0023876,"Period Drama, Tragic Romance, Drama, Romance, War"
It Happened One Night,tt0025316,"Road Trip, Comedy, Romance"
The Informer,tt1833116,"Police Procedural, Prison Drama, Spy, Action, Crime, Drama, Thriller"
Mr Deeds Goes to Town,tt0027996,"Screwball Comedy, Comedy, Drama, Romance"
The Awful Truth,tt0028597,"Romantic Comedy, Screwball Comedy, Comedy, Romance"
You Cant Take It with You,tt0030993,"Screwball Comedy, Slapstick, Comedy, Drama, Romance"
Gone with the Wind,tt0031381,"Epic, Romantic Epic, Tragic Romance, War Epic, Drama, Romance, War"
The Grapes of Wrath,tt0032551,Drama
How Green Was My Valley,tt0033729,"Drama, Family"
Mrs Miniver,tt0035093,"Drama, Romance, War"
Casablanca,tt0034583,"Drama, Romance, War"
Going My Way,tt0036872,"Comedy, Drama, Music"
West Side Story,tt3581652,"Pop Musical, Crime, Drama, Musical, Romance"
The Lost Weekend,tt0037884,"Film Noir, Drama"
The Best Years of Our Lives,tt0036868,"Epic, Feel-Good Romance, Drama, Romance, War"
Gentlemans Agreement,tt0039416,"Drama, Romance"
The Treasure of the Sierra Madre,tt0040897,"Adventure, Drama, Western"
A Letter to Three Wives,tt0041587,"Comedy, Drama, Romance"
All About Eve,tt0042192,"Dark Comedy, Drama"
A Place in the Sun,tt0043924,"Tragedy, Drama, Romance"
The Quiet Man,tt0045061,"Comedy, Drama, Romance"
From Here to Eternity,tt0045793,"Drama, Romance, War"
On the Waterfront,tt0047296,"Crime, Drama, Thriller"
Marty,tt0048356,"Drama, Romance"
Giant,tt0049261,"Western Epic, Drama, Western"
The Bridge on the River Kwai,tt0050212,"Jungle Adventure, War Epic, Adventure, Drama, War"
Gigi,tt10341196,"Animal Adventure, Docudrama, Drama, Family"
BenHur,tt0052618,"Adventure Epic, Desert Adventure, Epic, Sword & Sandal, Adventure, Drama"
The Apartment,tt0053604,"Holiday Comedy, Holiday Romance, Romantic Comedy, Comedy, Drama, Holiday, Romance"
West Side Story,tt3581652,"Pop Musical, Crime, Drama, Musical, Romance"
Lawrence of Arabia,tt0056172,"Adventure Epic, Desert Adventure, Docudrama, Period Drama, War Epic, Adventure, Biography, Drama, War"
Tom Jones,tt0057590,"Farce, Adventure, Comedy, History, Romance"
My Fair Lady,tt0058385,"Classic Musical, Drama, Family, Musical, Romance"
The Sound of Music,tt0059742,"Classic Musical, Biography, Drama, Family, Musical, Romance"
A Man for All Seasons,tt0060665,"Costume Drama, Period Drama, Biography, Drama, History"
The Graduate,tt0061722,"Coming-of-Age, Comedy, Drama, Romance"
No Country for Old Men,tt0477348,"Contemporary Western, Serial Killer, Crime, Drama, Thriller"
Midnight Cowboy,tt0064665,Drama
The French Connection,tt0067116,"Cop Drama, Drug Crime, Police Procedural, Action, Crime, Drama, Thriller"
Cabaret,tt0068327,"Drama, Music, Musical, Romance"
The Sting,tt0070735,"Caper, Comedy, Crime, Drama"
The Godfather Part II,tt0071562,"Epic, Gangster, Period Drama, Tragedy, Crime, Drama"
One Flew over the Cuckoos Nest,tt0073486,"Medical Drama, Prison Drama, Psychological Drama, Drama"
Rocky,tt0075148,"Boxing, Drama, Sport"
Annie Hall,tt0075686,"Comedy, Romance"
The Deer Hunter,tt0077416,"Tragedy, War Epic, Drama, War"
Kramer vs Kramer,tt0079417,Drama
Ordinary People,tt0081283,"Psychological Drama, Drama"
Reds,tt0082979,"Historical Epic, Romantic Epic, Biography, Drama, History, Romance"
Gandhi,tt0083987,"Docudrama, Epic, Period Drama, Biography, Drama, History"
Terms of Endearment,tt0086425,"Comedy, Drama"
Amadeus,tt0086879,"Costume Drama, Period Drama, Tragedy, Biography, Drama, Music"
Out of Africa,tt0089755,"Period Drama, Romantic Epic, Biography, Drama, Romance"
Platoon,tt0091763,"Drama, War"
The Last Emperor,tt0093389,"Docudrama, Historical Epic, Period Drama, Biography, Drama, History"
Rain Man,tt0095953,"Road Trip, Drama"
Born on the Fourth of July,tt0096969,"Biography, Drama, War"
Dances with Wolves,tt0099348,"Epic, Western Epic, Adventure, Drama, Western"
The Silence of the Lambs,tt0102926,"Police Procedural, Psychological Drama, Psychological Thriller, Serial Killer, Crime, Drama, Thriller"
Unforgiven,tt0105695,"Tragedy, Drama, Western"
Schindlers List,tt0108052,"Epic, Historical Epic, Prison Drama, Biography, Drama, History"
Forrest Gump,tt0109830,"Epic, Period Drama, Drama, Romance"
Braveheart,tt0112573,"Epic, War Epic, Biography, Drama, War"
The English Patient,tt0116209,"Desert Adventure, Period Drama, Romantic Epic, Steamy Romance, Tragedy, Tragic Romance, Drama, Romance, War"
Titanic,tt0120338,"Epic, Period Drama, Romantic Epic, Tragedy, Tragic Romance, Drama, Romance"
Saving Private Ryan,tt0120815,"Epic, War Epic, Drama, War"
American Beauty,tt0169547,"Psychological Drama, Tragedy, Drama"
Traffic,tt0181865,"Cop Drama, Drug Crime, Crime, Drama, Thriller"
A Beautiful Mind,tt0268978,"Docudrama, Period Drama, Psychological Drama, Biography, Drama, Mystery"
The Pianist,tt0253474,"Docudrama, Epic, Period Drama, Tragedy, War Epic, Biography, Drama, Music, War"
The Lord of the Rings Return of the King,tt0167260,"Adventure Epic, Fantasy Epic, Mountain Adventure, Quest, Sword & Sorcery, Tragedy, Action, Adventure, Drama, Fantasy"
Million Dollar Baby,tt0405159,"Boxing, Tragedy, Drama, Sport"
Brokeback Mountain,tt0388795,"Contemporary Western, Steamy Romance, Tragedy, Tragic Romance, Drama, Romance"
The Departed,tt0407887,"Cop Drama, Gangster, Crime, Drama, Thriller"
No Country for Old Men,tt0477348,"Contemporary Western, Serial Killer, Crime, Drama, Thriller"
Slumdog Millionaire,tt1010048,"Crime, Drama, Romance"
The Hurt Locker,tt0887912,"Drama, Thriller, War"
The Kings Speech,tt1504320,"Period Drama, Political Drama, Biography, Drama, History"
The Artist,tt1655442,"Showbiz Drama, Slapstick, Comedy, Drama, Romance"
Life of Pi,tt0454876,"Adventure Epic, Sea Adventure, Survival, Teen Adventure, Adventure, Drama, Fantasy"
The Last Command,tt0048287,"Classical Western, War Epic, History, War, Western"
In Old Arizona,tt0020018,"Classical Western, Drama, Western"
Desraeli,tt0078601,"Political Drama, Biography, Drama, History"
A Free Soul,tt0021885,"Crime, Drama, Romance"
The Private Life of Henry VIII,tt0024473,"Period Drama, Biography, Drama, History"
It Happened One Night,tt0025316,"Road Trip, Comedy, Romance"
The Informer,tt1833116,"Police Procedural, Prison Drama, Spy, Action, Crime, Drama, Thriller"
The Story of Louis Pasteur,tt0028313,"Medical Drama, Political Drama, Biography, Drama, History"
Captains Courageous,tt0028691,"Sea Adventure, Adventure, Drama, Family"
Boys Town,tt0029942,"Biography, Drama, Family"
Goodbye Mr Chips,tt0031385,"Drama, Romance"
The Philadelphia Story,tt0032904,"Romantic Comedy, Screwball Comedy, Comedy, Romance"
Sergeant York,tt0034167,"Biography, Drama, History, Romance, War"
Yankee Doodle Dandy,tt0035575,"Classic Musical, Biography, Drama, Family, Music, Musical"
Watch on the Rhine,tt0036515,"Drama, Thriller"
Going My Way,tt0036872,"Comedy, Drama, Music"
The Lost Weekend,tt0037884,"Film Noir, Drama"
The Best Years of Our Lives,tt0036868,"Epic, Feel-Good Romance, Drama, Romance, War"
A Double Life,tt0039335,"Film Noir, Crime, Drama"
Hamlet,tt0116477,"Tragedy, Drama"
All The Kings Men,tt6361244,Documentary
Cyrano de Bergerac,tt0099334,"Costume Drama, Period Drama, Comedy, Drama, History, Romance"
The Africa Queen,tt0043265,"Jungle Adventure, Adventure, Drama, Romance, War"
High Noon,tt0044706,"Classical Western, Drama, Thriller, Western"
Stalag 17,tt0046359,"Comedy, Drama, War"
On the Waterfront,tt0047296,"Crime, Drama, Thriller"
Marty,tt0048356,"Drama, Romance"
The King and I,tt0049408,"Classic Musical, Biography, Drama, Musical, Romance"
The Bridge on the River Kwai,tt0050212,"Jungle Adventure, War Epic, Adventure, Drama, War"
Separate Tables,tt0052182,"Drama, Romance"
Benhur,tt0052618,"Adventure Epic, Desert Adventure, Epic, Sword & Sandal, Adventure, Drama"
Elmer Gantry,tt0053793,Drama
Judgement at Nuremberg,tt0055031,"Drama, War"
To Kill a Mockingbird,tt0056592,"Legal Drama, Period Drama, Crime, Drama"
Lilies of the Field,tt0057251,Drama
My Fair Lady,tt0058385,"Classic Musical, Drama, Family, Musical, Romance"
Cat Ballou,tt0059017,Western
A Man For All Seasons,tt0060665,"Costume Drama, Period Drama, Biography, Drama, History"
In the Heat of the Night,tt0094484,"Cop Drama, Police Procedural, Psychological Thriller, Crime, Drama, Mystery, Thriller"
Charly,tt0062794,"Psychological Drama, Drama, Romance, Sci-Fi"
True Grit,tt1403865,"Period Drama, Drama, Western"
The French Connection,tt0067116,"Cop Drama, Drug Crime, Police Procedural, Action, Crime, Drama, Thriller"
The Godfather,tt0068646,"Epic, Gangster, Period Drama, Tragedy, Crime, Drama"
Save the Tiger,tt0070640,Drama
Harry and Tonto,tt0071598,"Road Trip, Adventure, Comedy, Drama, Romance"
One Flew Over the Cuckoos Nest,tt0073486,"Medical Drama, Prison Drama, Psychological Drama, Drama"
Network,tt0074958,"Workplace Drama, Drama"
The Goodbye Girl,tt0076095,"Romantic Comedy, Comedy, Drama, Romance"
Coming Home,tt0077362,"Drama, Romance, War"
Kramer vs Kramer,tt0079417,Drama
Raging Bull,tt0081398,"Boxing, Docudrama, Biography, Drama, Sport"
On Golden Pond,tt0082846,Drama
Gandhi,tt0083987,"Docudrama, Epic, Period Drama, Biography, Drama, History"
Tender Mercies,tt0086423,"Drama, Music"
Amadeus,tt0086879,"Costume Drama, Period Drama, Tragedy, Biography, Drama, Music"
Kiss of the Spider Woman,tt30400277,"Drama, Musical"
The Color of Money,tt0090863,"Drama, Sport"
Wall Street,tt0993846,"Dark Comedy, Satire, True Crime, Biography, Comedy, Crime, Drama, Financial Drama"
My Left Foot,tt0097937,"Biography, Drama"
Reversal of Fortune,tt0100486,"Biography, Drama, Mystery"
Silence of the Lambs,tt0102926,"Police Procedural, Psychological Drama, Psychological Thriller, Serial Killer, Crime, Drama, Thriller"
Scent of a Woman,tt0105323,"Epic, Drama"
Philadelphia,tt0472954,"Dark Comedy, Satire, Sitcom, Comedy"
Forrest Gump,tt0109830,"Epic, Period Drama, Drama, Romance"
Leaving Las Vegas,tt0113627,"Dark Romance, Psychological Drama, Steamy Romance, Tragedy, Tragic Romance, Drama, Romance"
Shine,tt0117631,"Biography, Drama, Music, Romance"
As Good as It Gets,tt0119822,"Comedy, Drama, Romance"
Life is Beautiful,tt0118799,"Period Drama, Tragedy, Tragic Romance, Comedy, Drama, Romance, War"
American Beauty,tt0169547,"Psychological Drama, Tragedy, Drama"
Gladiator,tt0172495,"Action Epic, Period Drama, Sword & Sandal, Action, Adventure, Drama"
Training Day,tt0139654,"Cop Drama, Drug Crime, Gangster, Police Procedural, Tragedy, Crime, Drama, Thriller"
The Pianist,tt0253474,"Docudrama, Epic, Period Drama, Tragedy, War Epic, Biography, Drama, Music, War"
Mystic River,tt0327056,"Psychological Thriller, Suspense Mystery, Crime, Drama, Mystery, Thriller"
Capote,tt0379725,"True Crime, Biography, Crime, Drama, History"
The Last King of Scotland,tt0455590,"Biography, Drama, History, Thriller"
There Will Be Blood,tt0469494,"Epic, Period Drama, Psychological Drama, Tragedy, Drama"
Milk,tt1013753,"Biography, Drama, History"
Crazy Heart,tt1263670,"Drama, Music, Romance"
The Kings Speech,tt1504320,"Period Drama, Political Drama, Biography, Drama, History"
The Artist,tt1655442,"Showbiz Drama, Slapstick, Comedy, Drama, Romance"
Lincoln,tt13833978,"Legal Drama, Legal Thriller, Crime, Drama, Mystery, Thriller"
Dallas Buyers Club,tt0790636,"Docudrama, Medical Drama, Biography, Drama"
Come and Get It,tt0027459,"Drama, Romance"
The Life of Emile Zola,tt0029146,"Biography, Drama"
Kentucky,tt0076257,"Parody, Sketch Comedy, Slapstick, Comedy"
Stagecoach,tt0031971,"Classical Western, Adventure, Drama, Western"
The Westerner,tt0033253,"Classical Western, Drama, Western"
How Green Was My Valley,tt0033729,"Drama, Family"
Johnny Eager,tt0033774,"Film Noir, Crime, Mystery, Thriller"
The More the Merrier,tt0036172,"Farce, Screwball Comedy, Comedy"
Going My Way,tt0036872,"Comedy, Drama, Music"
A Tree Grows in Brooklyn,tt0038190,"Drama, Family, Romance"
The Best Years of Our Lives,tt0036868,"Epic, Feel-Good Romance, Drama, Romance, War"
Miracle on 34th Street,tt0110527,"Holiday Family, Drama, Family, Fantasy, Holiday"
The Treasure of the Sierra Madre,tt0040897,"Adventure, Drama, Western"
Twelve OClock High,tt0041996,"Drama, War"
All About Eve,tt0042192,"Dark Comedy, Drama"
A Streetcar Named Desire,tt0044081,"Tragedy, Drama"
Viva Zapata,tt0045296,"Biography, Drama, History, Western"
From Here to Eternity,tt0045793,"Drama, Romance, War"
The Barefoot Contessa,tt0046754,"Tragedy, Crime, Drama, Mystery, Romance"
Mister Roberts,tt0048380,"Comedy, Drama, War"
Lust for Life,tt0049456,"Docudrama, Biography, Drama"
Sayonara,tt0050933,"Drama, Romance"
The Big Country,tt0051411,"Classical Western, Western Epic, Drama, Romance, Western"
BenHur,tt0052618,"Adventure Epic, Desert Adventure, Epic, Sword & Sandal, Adventure, Drama"
Spartacus,tt1442449,"Sword & Sandal, Action, Adventure, Biography, Drama, Romance"
West Side Story,tt3581652,"Pop Musical, Crime, Drama, Musical, Romance"
Sweet Bird of Youth,tt0056541,"Drama, Romance"
Hud,tt0057163,"Contemporary Western, Drama, Western"
Topkapi,tt0058672,"Caper, Adventure, Comedy, Crime, Thriller"
A Thousand Clowns,tt0059798,"Comedy, Drama, Romance"
The Fortune Cookie,tt0060424,"Buddy Comedy, Satire, Comedy, Romance"
Cool Hand Luke,tt0061512,"Prison Drama, Tragedy, Crime, Drama"
The Subject Was Roses,tt0063654,Drama
They Shoot Horses Dont They,tt0065088,"Psychological Drama, Drama"
Ryans Daughter,tt0066319,"Period Drama, Drama, Romance"
The Last Picture Show,tt0067328,"Coming-of-Age, Teen Drama, Drama, Romance"
Cabaret,tt0068327,"Drama, Music, Musical, Romance"
The Paper Chase,tt0070509,"Comedy, Drama"
The Godfather Part II,tt0071562,"Epic, Gangster, Period Drama, Tragedy, Crime, Drama"
The Sunshine Boys,tt0073766,"Sketch Comedy, Comedy"
All the Presidents Men,tt32142111,Documentary
The Deer Hunter,tt0077416,"Tragedy, War Epic, Drama, War"
Being There,tt0078841,"Dark Comedy, Satire, Comedy, Drama"
Oridnary People,tt0081283,"Psychological Drama, Drama"
Arthur,tt10720352,"Extreme Sport, Adventure, Drama, Sport"
An Officer and a Gentleman,tt0084434,"Feel-Good Romance, Drama, Romance"
Terms of Endearment,tt0086425,"Comedy, Drama"
The Killing Fields,tt0087553,"Biography, Drama, History, War"
Cocoon,tt0088933,"Comedy, Drama, Sci-Fi"
Hannah and Her Sisters,tt0091167,"Comedy, Drama"
The Untouchables,tt0094226,"Cop Drama, Gangster, Police Procedural, Crime, Drama, Thriller"
A Fish Called Wanda,tt0095159,"Caper, Dark Comedy, Screwball Comedy, Slapstick, Comedy, Crime"
Glory,tt0097441,"War Epic, Biography, Drama, History, War"
Good Fellas,tt0099685,"Gangster, True Crime, Biography, Crime, Drama"
City Slickers,tt0101587,"Buddy Comedy, Contemporary Western, High-Concept Comedy, Comedy, Western"
Unforgiven,tt0105695,"Tragedy, Drama, Western"
The Fugitive,tt0106977,"Conspiracy Thriller, Action, Crime, Drama, Mystery, Thriller"
Ed Wood,tt0109707,"Dark Comedy, Docudrama, Period Drama, Quirky Comedy, Showbiz Drama, Biography, Comedy, Drama"
The Usual Suspects,tt0114814,"Gangster, Heist, Psychological Drama, Psychological Thriller, Suspense Mystery, Whodunnit, Crime, Drama, Mystery, Thriller"
Jerry Maguire,tt0116695,"Feel-Good Romance, Football, Romantic Comedy, Workplace Drama, Comedy, Drama, Romance, Sport"
Good Will Hunting,tt0119217,"Coming-of-Age, Psychological Drama, Drama, Romance"
Affliction,tt0118564,"Drama, Mystery, Thriller"
The Cider House Rules,tt0124315,"Period Drama, Drama, Romance"
Traffic,tt0181865,"Cop Drama, Drug Crime, Crime, Drama, Thriller"
Adaptation,tt0268126,"Dark Comedy, High-Concept Comedy, Psychological Drama, Satire, Showbiz Drama, Comedy, Drama"
Mystic River,tt0327056,"Psychological Thriller, Suspense Mystery, Crime, Drama, Mystery, Thriller"
Million Dollar Baby,tt0405159,"Boxing, Tragedy, Drama, Sport"
Syriana,tt0365737,"Political Thriller, Spy, Drama, Thriller"
Little Miss Sunshine,tt0449059,"Coming-of-Age, Quirky Comedy, Road Trip, Comedy, Drama"
No Country for Old Men,tt0477348,"Contemporary Western, Serial Killer, Crime, Drama, Thriller"
The Dark Knight,tt0468569,"Action Epic, Epic, Superhero, Action, Crime, Drama, Thriller"
Inglourious Basterds,tt0361748,"Adventure, Drama, War"
The Fighter,tt0964517,"Boxing, Action, Biography, Drama, Sport"
Beginning,tt0803096,"Dark Fantasy, Fantasy Epic, Action, Adventure, Fantasy"
Django Unchained,tt1853728,"Dark Comedy, Period Drama, Western Epic, Comedy, Drama, Western"
Dallas Buyers Club,tt0790636,"Docudrama, Medical Drama, Biography, Drama"
7th Heaven,tt0115083,"Coming-of-Age, Soap Opera, Teen Drama, Teen Romance, Comedy, Drama, Family, Romance"
Coquette,tt0019788,"Drama, Romance"
The Divorcee,tt0020827,"Drama, Romance"
Min and Bill,tt0021148,"Comedy, Drama"
The Sin of Madelon Claudet,tt0022386,"Crime, Drama, Romance"
Morning Glory,tt1126618,"Comedy, Drama, Romance"
It Happened One Night,tt0025316,"Road Trip, Comedy, Romance"
Dangerous,tt3876910,"Action, Thriller"
The Great Ziegfeld,tt0027698,"Classic Musical, Drama, Musical"
The Good Earth,tt0028944,"Drama, Romance"
Jezebel,tt0030287,"Drama, Romance"
Gone with the Wind,tt0031381,"Epic, Romantic Epic, Tragic Romance, War Epic, Drama, Romance, War"
Kitty Foyle,tt0032671,"Drama, Romance"
Suspicion,tt12026710,"Psychological Drama, Crime, Drama, Mystery, Thriller"
Mrs Miniver,tt0035093,"Drama, Romance, War"
The Song of Bernadette,tt0036377,"Biography, Drama, Mystery"
Gaslight,tt0036855,"Costume Drama, Dark Romance, Period Drama, Psychological Drama, Psychological Thriller, Suspense Mystery, Crime, Drama, Mystery, Romance"
Mildred Pierce,tt1492030,"Crime, Drama, Mystery"
To Each His Own,tt0039040,"Drama, Romance"
The Farmers Daughter,tt3763222,Horror
Johnny Belinda,tt0040495,Drama
The Heiress,tt0041452,"Coming-of-Age, Costume Drama, Dark Romance, Period Drama, Psychological Drama, Tragic Romance, Drama, Romance"
Born Yesterday,tt0042276,"Farce, Satire, Comedy, Drama, Romance"
A Streetcar Named Desire,tt0044081,"Tragedy, Drama"
Come Back Little Sheba,tt0044509,"Drama, Romance"
Roman Holiday,tt0046250,"Romantic Comedy, Comedy, Drama, Romance"
The Country Girl,tt0046874,"Drama, Music"
The Rose Tattoo,tt0048563,"Comedy, Drama, Romance"
Anastasia,tt0118617,"Hand-Drawn Animation, Adventure, Animation, Drama, Family, Fantasy, Musical, Mystery, Romance"
The Three Faces of Eve,tt0051077,"Drama, Mystery"
I Want To Live,tt0051758,"Film Noir, True Crime, Biography, Crime, Drama"
Room at the Top,tt0053226,"Psychological Drama, Tragic Romance, Drama, Romance"
Butterfield 8,tt0053622,"Tragedy, Drama, Romance"
Two Women,tt0054749,"Drama, War"
The Miracle Worker,tt0056241,"Period Drama, Biography, Drama"
Hud,tt0057163,"Contemporary Western, Drama, Western"
Mary Poppins,tt0058331,"Classic Musical, Comedy, Family, Fantasy, Musical"
Darling,tt22375054,"Dark Romance, Romance, Thriller"
Whos Afraid of Virginia Woolf,tt0061184,"Psychological Drama, Drama"
Guess Whos Coming to Dinner,tt0061735,"Comedy, Drama"
Funny Girl,tt0062994,"Classic Musical, Slapstick, Biography, Comedy, Drama, Musical, Romance"
The Lion in Winter,tt0063227,"Period Drama, Biography, Drama, History"
The Prime of Miss Jean Brodie,tt0064840,"Coming-of-Age, Period Drama, Teen Drama, Comedy, Drama, Romance"
Women in Love,tt0066579,"Dark Comedy, Period Drama, Drama, Romance"
Klute,tt0067309,"Psychological Thriller, Whodunnit, Crime, Mystery, Thriller"
Cabaret,tt0068327,"Drama, Music, Musical, Romance"
A Touch of Class,tt0070819,"Comedy, Romance"
Alice Doesnt Live Here Anymore,tt0071115,"Drama, Romance"
One Flew Over the Cuckoos Nest,tt0073486,"Medical Drama, Prison Drama, Psychological Drama, Drama"
Network,tt0074958,"Workplace Drama, Drama"
Annie Hall,tt0075686,"Comedy, Romance"
Coming Home,tt0077362,"Drama, Romance, War"
Norma Rae,tt0079638,"Workplace Drama, Drama"
Coal Miners Daughter,tt0080549,"Biography, Drama, Music"
On Golden Pond,tt0082846,Drama
Sophies Choice,tt0084707,"Drama, Romance"
Terms of Endearment,tt0086425,"Comedy, Drama"
Places in the Heart,tt0087921,Drama
The Trip to Bountiful,tt0090203,Drama
Children of a Lesser God,tt0090830,"Drama, Romance"
Moonstruck,tt0093565,"Romantic Comedy, Comedy, Drama, Romance"
The Accused,tt0094608,"Legal Drama, Crime, Drama"
Driving Miss Daisy,tt0097239,"Comedy, Drama"
Misery,tt0100157,"Psychological Drama, Psychological Thriller, Drama, Thriller"
The Silence of the Lambs,tt0102926,"Police Procedural, Psychological Drama, Psychological Thriller, Serial Killer, Crime, Drama, Thriller"
Howards End,tt0104454,"Period Drama, Drama, Romance"
The Piano,tt0107822,"Period Drama, Steamy Romance, Drama, Music, Romance"
Blue Sky,tt0109306,"Drama, Romance"
Dead Man Walking,tt0112818,"True Crime, Crime, Drama"
Fargo,tt2802850,"Dark Comedy, Crime, Drama, Thriller"
As Good As It Gets,tt0119822,"Comedy, Drama, Romance"
Shakespeare in Love,tt0138097,"Period Drama, Tragic Romance, Comedy, Drama, History, Romance"
Boys Dont Cry,tt0171804,"Coming-of-Age, Docudrama, Tragedy, Tragic Romance, True Crime, Biography, Crime, Drama, Romance"
Erin Brockovich,tt0195685,"Docudrama, Legal Drama, Workplace Drama, Biography, Drama"
Monsters Ball,tt3109244,"Comedy, Drama, Family, Short"
The Hours,tt0274558,"Tragedy, Drama, Romance"
Monster,tt13207736,"Docudrama, Serial Killer, True Crime, Biography, Crime, Drama, Thriller"
Million Dollar Baby,tt0405159,"Boxing, Tragedy, Drama, Sport"
Walk the Line,tt0358273,"Biography, Drama, Music, Romance"
The Queen,tt14022350,"Costume Drama, Period Drama, Drama"
The Passionate Life of Edith Piaf,tt0031737,"Biography, Drama, War"
The Reader,tt0976051,"Steamy Romance, Drama, Mystery, Romance"
The Blind Side,tt0878804,"Football, Biography, Drama, Sport"
Black Swan,tt0947798,"Psychological Drama, Psychological Thriller, Drama, Thriller"
The Iron Lady,tt1007029,"Docudrama, Biography, Drama"
Silver Linings Playbook,tt1045658,"Psychological Drama, Comedy, Drama, Romance"
Blue Jasmine,tt2334873,"Psychological Drama, Tragedy, Comedy, Drama, Romance"
Anthony Adverse,tt0027300,"Adventure, Drama, Romance"
In Old Chicago,tt0029047,"Action, Drama, Musical, Romance"
Jezebel,tt0030287,"Drama, Romance"
Gone with the Wind,tt0031381,"Epic, Romantic Epic, Tragic Romance, War Epic, Drama, Romance, War"
The Grapes of Wrath,tt0032551,Drama
The Great Lie,tt0033677,Drama
Mrs Miniver,tt0035093,"Drama, Romance, War"
For Whom the Bell Tolls,tt0035896,"Adventure, Drama, History, Romance, War"
None but the Lonely Heart,tt0037135,"Drama, Romance"
National Velvet,tt0037120,"Drama, Family, Sport"
The Razors Edge,tt32360501,"Action, Thriller"
Gentlemans Agreement,tt0039416,"Drama, Romance"
Key Largo,tt0040506,"Film Noir, Action, Crime, Drama, Thriller"
All the Kings Men,tt6361244,Documentary
A Streetcar Named Desire,tt0044081,"Tragedy, Drama"
The Bad and the Beautiful,tt0044391,"Drama, Romance"
From Here to Eternity,tt0045793,"Drama, Romance, War"
On the Waterfront,tt0047296,"Crime, Drama, Thriller"
East of Eden,tt0048028,Drama
Written on the Wind,tt0049966,Drama
Sayonara,tt0050933,"Drama, Romance"
Separate Tables,tt0052182,"Drama, Romance"
The Diary of Anne Frank,tt0052738,"Docudrama, Biography, Drama, Family, History, War"
Elmer Gantry,tt0053793,Drama
West Side Story,tt3581652,"Pop Musical, Crime, Drama, Musical, Romance"
The Miracle Worker,tt0056241,"Period Drama, Biography, Drama"
the VIPs,tt0057634,Drama
Zorba the Greek,tt0057831,"Comedy, Drama"
A Patch of Blue,tt0059573,"Drama, Romance"
Whos Afraid of Virginia Woolf,tt0061184,"Psychological Drama, Drama"
Bonnie and Clyde,tt0061418,"Caper, Docudrama, Period Drama, Road Trip, Tragedy, True Crime, Action, Biography, Crime, Drama"
Rosemarys Baby,tt0063522,"Psychological Horror, Supernatural Horror, Drama, Horror"
Cactus Flower,tt0064117,"Comedy, Romance"
Airport,tt0065377,"Dark Comedy, Disaster, Action, Drama, Thriller"
The Last Picture Show,tt0067328,"Coming-of-Age, Teen Drama, Drama, Romance"
Butterflies Are Free,tt0068326,"Coming-of-Age, Romantic Comedy, Screwball Comedy, Comedy, Drama, Music, Romance"
Paper Moon,tt0070510,"Comedy, Crime, Drama"
Murder on the Orient Express,tt3402236,"Whodunnit, Crime, Drama, Mystery, Thriller"
Shampoo,tt0073692,"Satire, Comedy, Drama"
Network,tt0074958,"Workplace Drama, Drama"
California Suite,tt0077289,"Farce, Comedy, Drama, Romance"
Kramer vs Kramer,tt0079417,Drama
Melvin and Howard,tt0081150,"Comedy, Drama"
Reds,tt0082979,"Historical Epic, Romantic Epic, Biography, Drama, History, Romance"
Tootsie,tt0084805,"Farce, High-Concept Comedy, Comedy, Drama, Romance"
The Year of Living Dangerously,tt0086617,"Drama, Romance, War"
A Passage to India,tt0087892,"Historical Epic, Period Drama, Adventure, Drama, History"
Prizzis Honor,tt0089841,"Comedy, Crime, Drama, Romance"
Hannah and Her Sisters,tt0091167,"Comedy, Drama"
Moonstruck,tt0093565,"Romantic Comedy, Comedy, Drama, Romance"
The Accidental Tourist,tt0094606,"Comedy, Drama, Romance"
My Left Foot,tt0097937,"Biography, Drama"
Ghost,tt0099653,"Feel-Good Romance, Drama, Fantasy, Romance, Thriller"
The Fisher King,tt0101889,"Dark Comedy, Comedy, Drama, Fantasy"
My Cousin Vinny,tt0104952,"Legal Drama, Comedy, Crime"
The Piano,tt0107822,"Period Drama, Steamy Romance, Drama, Music, Romance"
Bullets Over Broadway,tt0109348,"Comedy, Crime"
Mighty Aphrodite,tt0113819,"Comedy, Fantasy, Romance"
The English Patient,tt0116209,"Desert Adventure, Period Drama, Romantic Epic, Steamy Romance, Tragedy, Tragic Romance, Drama, Romance, War"
LA Confidential,tt0119488,"Conspiracy Thriller, Cop Drama, Hard-boiled Detective, Police Procedural, Suspense Mystery, Whodunnit, Crime, Drama, Mystery, Thriller"
Shakespeare in Love,tt0138097,"Period Drama, Tragic Romance, Comedy, Drama, History, Romance"
Girl Interrupted,tt0172493,"Coming-of-Age, Docudrama, Medical Drama, Period Drama, Psychological Drama, Tragedy, Biography, Drama"
Pollock,tt0183659,"Biography, Drama"
A Beautiful Mind,tt0268978,"Docudrama, Period Drama, Psychological Drama, Biography, Drama, Mystery"
Chicago,tt2261391,"Disaster, Workplace Drama, Action, Drama"
Cold Mountain,tt0159365,"Period Drama, Tragic Romance, War Epic, Adventure, Drama, Romance, War"
The Aviator,tt0338751,"Docudrama, Biography, Drama"
The Constant Gardener,tt0387131,"Conspiracy Thriller, Political Thriller, Drama, Mystery, Romance, Thriller"
Dreamgirls,tt0443489,"Drama, Music, Musical"
Michael Clayton,tt0465538,"Legal Thriller, Crime, Drama, Mystery, Thriller"
Vicky Cristina Barcelona,tt0497465,"Comedy, Drama, Romance"
Precious,tt0929632,"Coming-of-Age, Drama"
The Fighter,tt0964517,"Boxing, Action, Biography, Drama, Sport"
The Help,tt1454029,"Period Drama, Drama"
Les Mis√årables,tt1707386,"Epic, Period Drama, Drama, Musical, Romance"
12 Years a Slave,tt2024544,"Epic, Biography, Drama, History"
The Apartment,tt0053604,"Holiday Comedy, Holiday Romance, Romantic Comedy, Comedy, Drama, Holiday, Romance"
Kitty Foyle,tt0032671,"Drama, Romance"
Philadelphia,tt0472954,"Dark Comedy, Satire, Sitcom, Comedy"
The Deer Hunter,tt0077416,"Tragedy, War Epic, Drama, War"
The Great Lie,tt0033677,Drama
Girl Interrupted,tt0172493,"Coming-of-Age, Docudrama, Medical Drama, Period Drama, Psychological Drama, Tragedy, Biography, Drama"
Shampoo,tt0073692,"Satire, Comedy, Drama"
National Velvet,tt0037120,"Drama, Family, Sport"
Network,tt0074958,"Workplace Drama, Drama"
Johnny Eager,tt0033774,"Film Noir, Crime, Mystery, Thriller"
The Three Faces of Eve,tt0051077,"Drama, Mystery"
High Noon,tt0044706,"Classical Western, Drama, Thriller, Western"
Whos Afraid of Virginia Woolf,tt0061184,"Psychological Drama, Drama"
Million Dollar Baby,tt0405159,"Boxing, Tragedy, Drama, Sport"
Million Dollar Baby,tt0405159,"Boxing, Tragedy, Drama, Sport"
Shakespeare in Love,tt0138097,"Period Drama, Tragic Romance, Comedy, Drama, History, Romance"
The Subject Was Roses,tt0063654,Drama
Precious,tt0929632,"Coming-of-Age, Drama"
Pollock,tt0183659,"Biography, Drama"
The Prime of Miss Jean Brodie,tt0064840,"Coming-of-Age, Period Drama, Teen Drama, Comedy, Drama, Romance"
The Constant Gardener,tt0387131,"Conspiracy Thriller, Political Thriller, Drama, Mystery, Romance, Thriller"
Slumdog Millionaire,tt1010048,"Crime, Drama, Romance"
All the Presidents Men,tt32142111,Documentary
Affliction,tt0118564,"Drama, Mystery, Thriller"
The Treasure of the Sierra Madre,tt0040897,"Adventure, Drama, Western"
